{
  "resources": [
    "sprites.mp3",
    "sprites.ogg"
  ],
  "spritemap": {
    "01": {
      "start": 0,
      "end": 2.5861224489795918,
      "loop": false
    },
    "02": {
      "start": 4,
      "end": 6.6906122448979595,
      "loop": false
    },
    "03": {
      "start": 8,
      "end": 9.959183673469388,
      "loop": false
    },
    "04": {
      "start": 11,
      "end": 13.046258503401361,
      "loop": false
    },
    "05": {
      "start": 15,
      "end": 17.27265306122449,
      "loop": false
    },
    "06": {
      "start": 19,
      "end": 21.063673469387755,
      "loop": false
    },
    "07": {
      "start": 23,
      "end": 34.493877551020404,
      "loop": false
    }
  }
}